,B.Partner,B.Employee,Irina Vikt,Competions,Classes,Excursion,Holidays,Activities,Camp,Guests,Other,Subscribed,DateMonth
0,0,0,0,0,0,0,0,0,0,0,0,35,1
1,0,0,0,0,0,0,0,0,0,0,0,46,1
2,0,0,0,0,0,0,1,0,0,0,0,30,1
3,0,0,0,0,0,0,0,1,0,0,0,26,1
4,0,0,0,0,0,0,0,0,0,0,0,11,1
5,0,0,0,0,0,0,0,1,0,0,1,1,1
6,0,0,0,0,0,0,0,0,0,0,0,8,1
7,0,0,0,0,1,0,0,0,0,0,0,3,1
8,0,0,0,0,0,0,0,0,0,0,0,1,1
9,0,0,0,0,0,1,0,0,0,0,0,4,1
10,0,0,0,0,0,0,1,0,0,0,0,29,1
11,0,0,0,0,0,0,0,1,0,0,0,35,1
12,0,0,0,0,1,0,0,0,0,0,0,9,1
13,0,0,0,0,0,0,0,0,0,0,0,17,1
14,0,0,0,0,1,0,0,0,0,0,0,44,1
15,0,0,0,0,0,0,0,0,0,0,0,37,1
16,0,0,0,0,0,0,0,0,0,0,1,6,1
17,0,0,0,0,1,0,0,0,0,0,0,46,1
18,0,0,0,0,1,0,0,0,0,0,0,33,1
19,0,1,0,0,1,0,0,0,0,0,0,16,1
20,0,0,0,0,0,0,0,0,0,0,1,36,1
21,0,0,0,0,0,0,0,0,0,0,0,40,1
22,0,0,0,0,0,0,0,0,0,0,0,41,1
23,1,0,0,0,0,0,0,0,0,0,0,5,1
24,0,0,0,0,0,1,0,0,0,0,0,31,1
25,0,0,0,0,0,0,0,0,0,0,1,23,1
26,0,0,0,0,0,0,0,0,0,0,0,11,1
27,0,0,0,0,0,0,0,0,0,1,0,29,1
28,0,0,0,0,0,0,0,0,0,0,0,12,1
29,0,0,0,0,0,0,0,0,0,0,0,32,1
30,0,0,0,0,0,0,0,0,0,0,1,24,1
31,0,0,0,0,0,0,1,0,0,0,0,36,2
32,0,0,0,0,0,0,0,0,0,0,1,48,2
33,0,0,0,0,1,0,0,0,0,0,0,7,2
34,0,0,0,0,0,0,0,0,0,0,1,4,2
35,0,0,0,0,0,0,0,0,0,0,0,24,2
36,0,1,0,0,0,0,0,0,0,0,0,24,2
37,0,0,0,0,1,0,0,0,0,0,0,15,2
38,0,0,0,0,1,0,0,0,0,0,0,42,2
39,0,0,0,0,1,0,0,0,0,0,0,11,2
40,0,0,0,0,1,0,0,0,0,0,0,50,2
41,0,0,0,0,0,0,0,0,0,0,0,2,2
42,0,0,0,0,0,0,0,0,0,0,0,5,2
43,0,0,0,0,0,1,0,0,0,0,0,27,2
44,0,0,0,0,1,0,0,0,0,0,0,42,2
45,0,0,0,0,0,0,1,0,0,0,0,6,2
46,0,0,0,0,0,0,0,0,0,0,0,30,2
47,0,0,0,0,0,0,1,0,0,0,0,0,2
48,0,0,0,0,1,0,0,0,0,0,0,12,2
49,0,0,0,0,0,0,0,0,0,0,0,17,2
50,0,0,0,0,0,0,0,0,0,0,0,3,2
51,0,0,0,0,1,0,0,0,0,0,0,30,2
52,0,0,0,0,0,0,0,1,0,0,1,7,2
53,0,0,0,0,0,0,1,0,0,0,0,10,2
54,0,0,0,0,0,0,0,0,0,0,0,2,2
55,0,0,0,0,0,0,0,0,0,0,0,7,2
56,0,0,0,0,0,0,0,0,0,0,0,22,2
57,0,0,0,0,0,0,1,0,0,0,0,21,2
58,0,0,0,0,0,0,0,0,0,0,0,6,2
59,0,0,0,0,0,0,0,1,0,0,0,6,3
60,0,0,0,0,0,0,0,1,0,0,0,41,3
61,0,0,0,0,0,0,0,1,0,0,0,6,3
62,0,0,0,0,0,0,0,0,0,0,0,5,3
63,0,0,0,0,0,0,0,0,0,0,1,5,3
64,0,0,0,0,0,0,0,0,0,0,0,28,3
65,0,0,0,0,0,0,0,1,0,0,0,26,3
66,0,0,0,0,0,0,1,0,0,0,0,48,3
67,0,0,0,0,0,0,0,0,0,0,0,24,3
68,0,1,0,0,0,0,0,0,0,0,0,46,3
69,0,0,0,0,0,0,0,0,0,0,1,6,3
70,0,0,0,0,0,0,0,0,0,0,0,17,3
71,0,0,0,0,0,0,0,0,0,0,1,27,3
72,0,1,0,0,0,0,0,0,0,0,0,24,3
73,0,0,0,0,1,0,0,0,0,0,0,25,3
74,0,0,0,0,0,0,1,0,0,0,0,47,3
75,0,0,0,0,0,0,0,1,0,0,0,0,3
76,0,0,0,0,0,0,0,0,0,1,0,15,3
77,0,0,0,0,0,0,0,0,0,0,0,44,3
78,0,0,0,0,0,0,1,0,0,0,0,5,3
79,0,0,0,0,0,0,0,0,0,0,1,23,3
80,0,0,0,1,0,0,0,0,0,0,0,8,3
81,0,0,0,0,0,0,0,0,0,0,0,3,3
82,0,0,0,0,0,0,0,1,0,0,0,5,3
83,0,0,0,0,1,0,0,0,0,0,1,0,3
84,0,0,0,0,0,0,0,1,0,0,1,32,3
85,0,0,0,0,0,0,0,0,0,0,0,7,3
86,0,0,0,0,1,0,0,0,0,0,0,23,3
87,0,1,0,0,0,0,0,0,0,0,1,39,3
88,0,0,0,0,1,0,0,0,0,0,0,45,3
89,0,0,0,0,0,0,0,1,0,0,0,10,3
90,0,1,1,0,0,0,0,0,0,0,0,45,4
91,0,0,0,0,0,0,0,0,0,0,1,47,4
92,0,0,0,0,0,0,0,0,0,0,0,42,4
93,0,0,0,0,0,0,0,0,0,0,1,16,4
94,0,0,0,0,0,0,0,0,0,0,1,40,4
95,0,0,0,0,1,0,1,0,0,0,0,25,4
96,0,0,0,0,0,0,0,0,0,0,1,44,4
97,0,0,0,0,0,0,0,0,0,0,1,1,4
98,0,0,0,0,0,0,0,0,0,0,1,25,4
99,0,0,0,0,0,0,0,0,0,0,0,1,4
100,0,1,0,1,0,0,0,0,0,0,0,27,4
101,0,0,0,0,0,0,0,0,0,1,1,37,4
102,0,0,0,0,1,0,0,0,0,0,0,8,4
103,0,0,0,1,0,0,0,0,0,0,0,24,4
104,0,0,0,0,0,0,0,0,0,0,1,25,4
105,0,0,0,0,0,0,0,0,0,0,1,48,4
106,0,0,0,0,0,0,0,0,0,1,0,15,4
107,0,0,0,0,1,0,0,0,0,0,0,38,4
108,0,0,0,0,0,1,0,0,0,0,0,47,4
109,0,0,0,0,1,0,0,0,0,0,0,23,4
110,0,0,0,0,1,0,0,0,0,0,0,50,4
111,0,0,0,0,1,1,0,0,0,0,1,40,4
112,0,0,0,0,1,0,0,0,0,0,0,31,4
113,0,0,0,0,0,0,1,0,0,0,0,37,4
114,0,0,0,0,1,0,0,0,0,0,0,17,4
115,0,0,0,0,0,0,0,0,0,0,1,10,4
116,0,0,0,0,0,0,0,1,0,0,0,38,4
117,0,0,0,0,1,0,0,0,0,0,0,45,4
118,0,0,0,0,0,0,1,1,0,0,1,31,4
119,0,0,0,0,0,0,0,0,0,1,0,41,4
120,0,1,0,0,0,0,0,1,0,0,0,26,5
121,0,0,0,0,0,0,0,0,0,0,1,32,5
122,0,0,0,0,1,0,0,0,0,0,1,16,5
123,0,0,0,0,1,0,0,0,0,0,0,17,5
124,0,0,0,0,1,0,0,1,0,0,0,15,5
125,0,0,0,1,0,0,0,0,0,0,1,29,5
126,0,0,0,0,0,0,0,0,0,0,1,42,5
127,0,0,0,0,0,0,1,0,0,0,0,30,5
128,0,0,0,0,1,0,0,0,0,0,0,43,5
129,0,1,0,0,0,0,0,0,0,0,0,1,5
130,0,0,0,0,1,0,0,0,0,0,0,36,5
131,0,0,0,0,0,0,0,0,0,0,1,25,5
132,0,0,0,1,0,0,0,0,0,0,0,29,5
133,0,0,0,0,0,0,0,1,0,0,0,25,5
134,0,0,0,0,0,0,0,0,0,0,0,35,5
135,0,0,0,0,0,0,0,0,0,0,1,43,5
136,0,0,0,0,0,0,0,0,0,0,1,29,5
137,0,0,0,0,0,0,0,1,0,0,1,24,5
138,0,1,0,0,0,0,0,0,0,0,1,24,5
139,0,0,0,0,0,0,0,0,0,0,1,14,5
140,0,0,0,0,1,0,0,0,0,0,0,49,5
141,0,0,0,0,1,0,0,0,0,0,1,0,5
142,0,0,0,0,0,0,0,0,0,0,1,15,5
143,0,0,0,0,0,1,0,0,0,0,0,34,5
144,0,0,0,0,0,0,0,0,0,0,0,38,5
145,0,0,0,1,0,0,1,0,0,0,0,17,5
146,0,0,0,0,1,0,0,0,0,0,0,31,5
147,0,0,0,0,0,0,0,0,0,0,1,42,5
148,0,0,0,1,0,0,0,1,0,0,0,28,5
149,0,0,0,0,0,1,0,0,0,0,0,4,5
150,0,0,0,0,0,0,0,0,0,0,1,6,5
151,0,0,0,0,0,0,1,0,0,0,0,41,6
152,0,0,0,0,0,0,0,0,0,0,1,19,6
153,0,0,0,0,0,0,0,0,0,0,1,3,6
154,0,0,0,0,0,0,0,0,0,0,1,31,6
155,0,0,0,0,0,0,0,0,0,0,0,35,6
156,0,1,0,0,0,0,1,0,0,0,0,3,6
157,0,0,0,0,0,0,0,0,0,0,1,32,6
158,0,0,0,0,0,0,1,0,0,0,0,30,6
159,0,0,0,0,0,0,0,0,0,0,0,37,6
160,0,1,0,0,0,0,0,0,0,0,0,25,6
161,0,0,0,0,1,0,0,0,0,0,0,1,6
162,0,0,0,0,0,0,1,0,0,0,0,8,6
163,0,0,0,0,0,0,0,0,0,0,0,26,6
164,0,0,0,0,0,0,0,0,0,0,0,9,6
165,0,0,0,0,0,0,0,0,0,0,1,38,6
166,0,0,0,1,0,0,0,0,0,0,0,35,6
167,0,0,0,1,0,0,0,0,0,0,0,25,6
168,0,0,0,0,0,0,0,1,0,0,0,18,6
169,0,0,0,0,0,0,0,0,0,0,1,30,6
170,0,0,0,0,0,0,1,0,0,0,0,36,6
171,0,0,0,0,0,0,0,0,0,0,1,14,6
172,0,0,0,0,0,0,1,0,0,0,0,50,6
173,0,0,0,0,0,0,0,0,0,0,1,4,6
174,0,0,0,0,1,0,0,0,0,0,0,32,6
175,0,0,0,0,0,0,0,0,0,0,0,36,6
176,0,0,0,0,0,0,0,1,0,0,0,38,6
177,0,0,0,0,0,0,0,0,0,0,1,26,6
178,0,0,0,0,0,1,0,0,0,0,0,40,6
179,0,0,0,0,0,0,0,0,0,0,1,7,6
180,0,0,0,0,0,0,0,1,0,0,0,11,6
181,0,0,0,0,0,0,0,0,0,0,1,10,7
182,1,0,0,0,0,1,0,0,0,0,0,15,7
183,0,0,0,0,0,0,0,0,0,0,0,20,7
184,0,0,0,0,0,1,0,0,0,0,0,20,7
185,0,0,0,0,0,0,0,0,0,0,1,49,7
186,0,0,0,0,0,0,0,0,1,0,0,15,7
187,0,0,0,0,0,0,0,1,0,0,0,37,7
188,0,0,0,0,0,0,0,0,1,0,0,26,7
189,0,0,0,0,0,0,0,0,1,0,0,23,7
190,0,0,0,0,0,0,0,0,0,0,0,4,7
191,0,0,0,0,0,0,0,0,1,0,0,13,7
192,0,0,0,0,0,0,0,0,1,0,0,19,7
193,0,0,0,0,0,0,0,0,0,0,1,19,7
194,0,0,0,0,0,0,0,0,1,0,0,20,7
195,0,0,0,0,0,0,0,1,0,0,1,15,7
196,0,0,0,0,0,0,0,0,1,0,0,48,7
197,0,0,0,0,0,0,0,0,0,0,0,22,7
198,0,0,0,0,0,0,0,0,0,0,1,26,7
199,0,0,0,0,0,0,0,0,1,0,0,10,7
200,0,0,0,0,0,0,0,0,1,0,0,9,7
201,0,0,0,0,0,0,0,0,1,0,0,10,7
202,0,0,0,0,0,0,0,0,1,0,0,22,7
203,0,0,0,0,0,0,0,0,0,0,1,28,7
204,0,0,0,0,0,0,0,0,0,0,0,40,7
205,0,0,0,0,1,0,0,0,0,0,0,45,7
206,0,0,0,0,1,0,0,0,0,0,0,17,7
207,0,0,0,0,0,0,0,0,0,0,1,7,7
208,0,0,0,0,0,0,0,0,0,0,1,13,7
209,0,0,0,0,0,0,0,0,0,0,1,3,7
210,0,0,0,0,0,0,0,0,0,0,1,13,7
211,0,0,0,0,0,0,0,0,0,0,0,32,7
212,0,0,0,0,1,0,0,1,0,0,1,13,8
213,0,0,0,1,0,0,0,0,0,0,0,47,8
214,0,0,0,1,0,0,0,0,0,0,0,7,8
215,0,0,0,0,0,0,0,1,0,0,0,29,8
216,0,0,0,0,0,0,0,0,0,0,1,30,8
217,0,0,0,0,0,0,0,0,0,1,0,12,8
218,0,0,0,0,0,0,0,0,0,0,0,37,8
219,0,0,0,0,0,0,0,0,0,0,1,44,8
220,0,0,0,0,0,0,0,0,0,0,1,27,8
221,0,0,0,0,0,0,0,0,0,0,1,37,8
222,0,0,0,0,0,0,0,0,0,0,1,26,8
223,0,0,0,0,0,0,0,1,0,0,0,8,8
224,0,0,0,0,0,0,0,0,0,0,1,47,8
225,0,0,0,0,0,0,0,0,0,0,1,11,8
226,0,0,0,0,0,0,0,0,0,0,1,45,8
227,0,0,0,0,0,1,0,0,0,0,0,25,8
228,0,0,0,0,0,0,0,0,0,0,1,47,8
229,0,0,0,0,0,1,0,0,0,0,0,38,8
230,0,0,0,0,0,1,0,0,0,0,0,15,8
231,0,0,0,0,0,0,0,0,0,0,0,2,8
232,0,1,0,0,0,0,0,0,0,0,0,22,8
233,0,0,0,0,0,0,1,0,0,0,0,48,8
234,0,0,0,0,0,0,0,0,0,0,1,6,8
235,0,0,0,0,0,0,1,0,0,0,0,7,8
236,0,0,0,0,0,0,0,1,0,0,0,23,8
237,0,0,0,0,0,0,0,0,0,0,1,48,8
238,0,0,0,0,0,0,0,0,0,0,0,0,8
239,0,0,0,0,0,0,0,0,0,0,1,27,8
240,0,0,0,0,0,0,0,0,1,0,0,4,8
241,0,1,0,0,0,0,0,0,0,0,0,0,8
242,0,0,0,0,0,0,0,1,0,0,0,21,8
243,0,0,0,0,0,0,1,0,0,0,0,7,9
0,1,1,0,1,0,1,1,0,0,0,0,14,7
1,1,0,0,1,1,1,0,0,0,0,1,4,8
2,0,1,1,0,1,1,1,0,1,0,0,6,8
3,1,1,1,0,1,1,1,1,0,0,1,28,7
4,0,1,1,1,1,1,0,1,0,1,1,24,2
5,1,0,0,0,0,0,1,0,1,1,1,24,1
6,1,1,0,0,0,0,0,0,1,1,0,14,6
7,1,1,1,0,0,1,0,0,0,1,1,49,3
8,1,0,0,0,0,0,1,0,1,1,1,6,1
9,1,0,1,1,1,0,0,0,1,1,1,28,4
10,1,1,0,0,1,1,1,1,0,1,1,8,5
11,1,0,1,0,0,1,0,1,0,0,0,1,5
12,1,1,1,1,0,0,1,0,0,0,1,44,9
13,0,1,0,0,1,1,0,0,1,0,0,3,4
14,0,1,0,0,0,1,1,1,1,0,0,5,9
15,1,1,0,1,0,1,1,0,1,1,1,16,2
16,1,0,1,0,0,1,0,1,1,1,1,48,6
17,1,1,1,1,1,0,1,0,0,0,0,35,1
18,0,0,1,1,0,1,0,0,1,1,1,22,7
19,1,1,1,1,1,0,1,0,1,1,0,29,7
20,0,1,0,0,0,0,1,0,0,1,0,14,3
21,0,1,0,0,0,0,0,0,1,0,0,35,4
22,1,1,0,0,1,1,1,0,0,0,1,24,3
23,0,1,1,0,1,1,0,0,1,1,0,25,6
24,0,0,1,1,0,0,0,0,1,0,0,42,1
25,1,0,1,0,0,1,1,1,1,1,0,13,4
26,0,0,0,0,1,1,1,1,0,0,1,41,2
27,1,1,1,1,1,0,1,0,1,1,1,37,1
28,0,0,1,1,0,0,0,0,1,0,0,16,2
29,1,1,1,0,1,1,1,0,0,0,1,11,8
30,0,0,1,1,1,0,0,1,0,1,0,21,4
31,1,1,1,0,0,0,0,0,0,1,1,22,8
32,0,1,0,1,0,0,1,1,1,1,1,33,3
33,1,1,0,0,0,0,0,1,1,0,1,6,3
34,1,1,1,0,1,0,0,1,1,1,1,2,5
35,0,0,0,1,1,1,0,1,1,1,1,29,5
36,1,1,1,1,1,0,1,0,0,1,0,43,9
37,1,1,0,1,0,1,0,1,0,1,0,29,9
38,1,0,0,0,1,1,1,1,1,1,0,7,1
39,1,0,1,1,0,0,0,1,1,1,1,34,3
40,0,0,0,1,1,0,1,1,1,0,0,41,9
41,1,1,1,0,1,1,0,1,1,0,1,15,9
42,0,0,1,1,1,1,1,1,0,1,1,40,7
43,1,0,0,1,0,0,0,0,0,1,1,9,9
44,1,1,1,0,1,1,1,1,1,0,1,13,4
45,0,0,1,0,1,1,1,1,1,0,1,16,4
46,0,0,1,0,0,0,1,1,1,0,0,6,7
47,0,1,0,0,0,0,1,0,1,0,0,41,3
48,0,1,0,0,0,0,1,1,0,0,1,1,5
49,1,0,1,1,1,0,0,1,1,0,1,10,4
50,0,0,1,1,1,1,0,0,0,0,1,4,1
51,1,1,1,0,0,0,0,1,1,1,1,12,8
52,1,0,1,0,0,1,0,1,0,1,0,10,3
53,1,0,0,1,0,1,1,0,1,1,1,49,1
54,1,0,0,1,1,1,1,1,1,0,1,26,2
55,1,1,1,0,0,0,1,1,1,1,0,38,2
56,1,0,1,1,0,1,0,1,1,0,0,50,1
57,1,0,0,0,1,0,0,1,1,0,0,15,4
58,0,0,0,1,0,0,0,0,0,0,1,49,8
59,1,1,1,0,0,0,1,0,0,0,1,10,8
60,1,1,1,1,1,1,1,0,0,0,1,32,4
61,0,0,0,0,0,1,1,1,1,0,0,6,1
62,0,1,0,0,1,1,1,1,1,1,1,17,1
63,1,1,0,0,1,1,0,1,1,0,0,20,9
64,0,1,1,1,1,1,0,0,1,0,0,22,6
65,1,1,0,1,0,1,1,0,1,0,1,31,9
66,1,0,1,0,0,1,0,1,0,1,1,21,2
67,1,0,1,1,0,0,1,1,1,0,1,49,9
68,1,1,1,1,1,1,0,1,0,1,0,6,1
69,0,1,0,0,1,1,1,1,1,0,1,41,7
70,0,0,1,1,1,1,1,0,0,1,1,5,8
71,0,1,1,1,1,0,1,0,1,0,0,18,3
72,0,0,0,1,1,1,1,0,1,1,1,37,9
73,0,0,0,0,0,0,0,1,1,1,0,12,9
74,0,0,1,0,1,1,1,1,1,1,0,12,8
75,1,1,0,0,1,1,1,1,0,1,1,42,7
76,1,0,1,1,0,1,0,0,0,1,1,45,6
77,1,1,1,0,0,1,1,0,0,0,1,46,3
78,1,0,1,1,1,0,1,0,1,0,0,4,6
79,0,0,1,0,1,1,0,1,0,0,1,6,1
80,0,1,0,1,1,1,0,0,0,1,1,12,4
81,1,0,0,0,0,1,1,0,0,0,0,26,1
82,1,0,1,1,1,0,0,0,1,1,0,21,8
83,1,0,0,0,0,0,0,1,1,0,1,8,1
84,1,1,1,1,1,0,1,0,1,0,1,18,2
85,1,0,1,1,0,1,0,1,0,1,1,39,2
86,0,1,1,1,1,0,1,0,0,1,1,40,5
87,1,0,0,0,1,0,0,0,1,1,1,26,5
88,1,0,0,0,0,1,0,1,1,1,1,9,4
89,0,1,1,0,1,1,1,0,0,1,0,31,6
90,0,1,0,1,1,1,1,1,1,1,1,21,8
91,1,0,0,1,1,0,0,1,0,0,1,43,2
92,1,1,0,1,1,0,1,0,0,0,0,39,9
93,1,1,0,0,0,1,1,0,1,1,0,28,6
94,0,1,1,0,1,0,0,1,0,0,1,49,5
95,1,0,0,0,1,1,0,0,1,0,1,39,8
96,0,1,0,0,1,0,0,1,1,0,0,19,8
97,1,1,0,1,1,0,1,0,0,0,1,4,7
98,0,1,0,0,1,0,0,1,1,1,0,38,8
99,0,0,1,0,1,0,1,0,0,0,1,38,7
100,1,1,0,1,0,0,0,1,1,0,1,3,2
101,1,0,1,0,1,1,0,1,1,0,0,47,6
102,0,1,0,0,0,0,1,1,0,0,0,2,2
103,0,0,1,1,1,1,1,0,0,0,0,40,8
104,1,1,1,0,1,0,1,0,1,1,1,21,1
105,1,0,0,1,0,0,0,0,0,1,1,29,4
106,0,1,0,1,0,1,0,1,1,0,1,25,4
107,0,1,1,1,0,1,1,1,1,0,0,34,6
108,1,0,1,0,0,1,0,1,0,0,0,9,5
109,1,0,0,0,0,1,0,1,1,1,1,13,4
110,1,0,0,0,1,1,1,1,0,0,1,41,6
111,1,0,1,1,0,1,0,1,1,1,0,27,6
112,1,0,1,1,1,1,0,0,0,1,0,41,1
113,1,0,1,1,0,1,1,0,1,0,1,13,6
114,1,1,1,1,0,0,1,1,1,1,1,5,4
115,0,0,1,1,1,0,1,1,0,0,0,31,9
116,1,0,0,0,1,0,1,1,0,1,0,5,7
117,1,1,1,0,0,1,0,1,0,1,0,13,4
118,0,1,1,0,0,1,1,0,1,1,0,47,2
119,1,0,1,1,1,1,1,0,0,1,1,42,7
120,1,1,1,1,0,1,0,0,0,1,0,1,8
121,0,1,1,1,1,1,1,0,1,0,1,24,5
122,0,0,0,0,1,1,0,1,1,1,1,27,9
123,0,1,1,1,0,0,0,1,1,0,0,34,9
124,1,0,0,0,0,0,0,0,0,1,1,43,8
125,0,1,1,1,1,1,0,1,0,1,0,11,6
126,1,0,0,1,1,1,0,1,1,0,0,44,6
127,1,0,1,0,0,0,0,1,1,1,1,45,4
128,0,0,1,0,1,1,0,0,1,1,0,37,2
129,0,1,0,0,1,0,0,1,0,1,1,45,9
130,1,1,0,1,1,0,1,0,1,0,0,48,1
131,1,0,1,0,1,0,0,1,1,1,1,2,8
132,1,0,1,0,0,0,1,1,1,0,0,50,1
133,0,0,1,0,0,1,0,1,1,1,0,27,3
134,1,0,0,0,0,1,0,0,0,0,1,33,7
135,1,1,1,0,1,0,1,1,1,1,1,27,2
136,1,0,0,0,0,0,1,0,1,0,1,31,7
137,0,1,0,0,0,0,1,1,1,1,0,11,6
138,1,1,1,0,0,0,0,0,0,1,0,12,2
139,0,0,1,0,1,0,1,0,0,0,0,50,3
140,0,0,1,0,1,0,0,0,1,1,0,23,3
141,1,0,0,1,1,0,0,1,1,1,1,26,9
142,1,0,0,0,1,1,1,1,1,0,1,38,1
143,0,1,0,0,1,0,0,0,0,1,1,1,6
144,1,1,0,0,0,1,0,1,0,1,1,50,9
145,0,1,0,0,1,1,0,0,0,1,0,47,9
146,1,0,0,1,0,1,0,1,1,1,1,10,8
147,0,1,1,1,0,1,0,0,1,0,1,50,4
148,1,1,0,1,0,1,0,0,1,1,0,37,3
149,1,0,0,1,1,1,1,0,1,0,1,3,7
150,0,0,1,0,0,1,1,1,1,0,1,41,1
151,0,0,1,1,1,0,1,1,1,0,0,27,3
152,0,1,1,0,1,0,0,0,0,1,1,35,3
153,1,0,0,1,1,1,1,0,1,0,1,10,3
154,1,1,1,1,1,0,0,1,1,1,0,47,7
155,1,0,1,0,1,1,0,0,1,1,0,3,5
156,0,1,1,0,1,1,0,1,0,1,1,46,6
157,0,0,0,1,0,0,0,0,0,1,1,40,3
158,1,0,1,0,1,1,0,0,0,0,0,32,1
159,0,0,0,0,0,1,1,0,1,0,1,29,2
160,0,0,0,1,1,1,0,1,1,1,1,34,6
161,0,1,1,1,1,1,0,0,0,1,0,4,3
162,1,1,0,1,0,0,1,1,0,0,0,50,5
163,1,1,0,0,0,1,0,1,1,0,0,29,6
164,1,1,1,1,1,1,1,1,1,0,0,1,9
165,0,1,0,1,0,1,1,0,0,1,1,2,5
166,0,1,0,0,1,1,0,0,0,1,0,24,7
167,0,1,0,1,1,1,0,1,1,1,1,30,3
168,1,0,1,1,0,0,0,0,1,0,0,46,8
169,1,0,0,0,0,1,0,0,1,0,0,17,4
170,0,1,0,1,1,1,1,1,1,0,0,6,7
171,0,1,1,1,1,1,0,1,0,1,0,4,7
172,1,1,1,0,0,1,0,1,0,0,0,37,1
173,0,0,0,0,0,0,0,1,0,1,1,24,8
174,0,0,0,0,1,1,0,0,1,1,1,50,7
175,0,0,0,1,1,1,0,0,1,1,0,39,8
176,0,0,0,1,0,0,1,1,0,1,1,35,5
177,0,0,0,1,0,0,1,0,0,1,1,11,4
178,0,1,0,1,0,1,0,0,1,0,1,35,5
179,1,1,1,1,1,0,0,1,0,1,1,35,6
180,1,1,1,1,1,0,1,0,1,0,1,38,8
181,1,1,1,0,1,1,0,0,0,1,1,30,6
182,0,0,0,0,1,1,0,1,0,1,0,27,6
183,0,1,1,0,1,0,0,0,1,1,1,9,1
184,1,0,1,1,1,0,1,0,1,1,0,7,5
185,1,1,1,0,0,1,0,0,1,1,1,19,1
186,0,1,1,0,0,1,1,1,0,1,1,18,1
187,0,1,1,0,1,0,1,0,0,1,1,32,1
188,0,0,0,0,0,1,0,0,1,0,1,18,1
189,0,1,0,0,1,0,0,0,1,1,1,8,2
190,0,0,1,1,0,1,1,0,1,1,0,7,6
191,0,0,1,0,1,1,1,0,0,0,0,5,2
192,0,1,0,1,1,0,0,1,1,0,0,12,7
193,1,0,1,1,1,0,0,1,0,0,1,38,1
194,0,0,1,1,1,0,1,1,0,0,0,13,4
195,1,0,1,0,0,1,0,1,0,1,1,31,5
196,0,0,1,1,1,0,1,0,1,0,1,1,1
197,1,0,0,0,1,0,1,0,1,1,0,43,1
198,0,1,1,0,0,1,0,1,1,1,1,30,6
199,1,0,0,0,0,1,1,1,0,0,0,44,2
200,0,1,0,1,1,1,1,1,0,0,0,29,7
201,1,0,1,0,1,1,0,1,0,1,1,36,6
202,1,0,1,0,0,1,1,0,1,1,0,46,6
203,1,1,1,0,1,1,1,1,0,0,1,15,2
204,1,0,1,1,1,0,1,1,1,1,0,11,7
205,1,1,0,0,1,1,1,1,0,1,0,43,8
206,1,1,0,0,0,1,1,0,1,0,0,29,2
207,1,1,0,0,1,1,0,0,1,1,1,20,4
208,0,0,1,0,0,0,0,0,1,0,0,16,3
209,0,1,1,0,0,1,0,0,0,1,1,50,9
210,1,1,0,0,0,1,0,0,1,0,0,31,8
211,1,1,1,0,0,1,0,1,1,1,0,7,1
212,0,0,1,0,0,0,1,1,0,0,1,41,4
213,0,1,1,1,1,1,0,1,1,0,1,49,5
214,1,0,0,1,1,0,0,0,1,1,1,19,3
215,1,0,1,1,1,1,1,1,0,0,1,42,2
216,0,1,1,0,0,1,1,1,0,0,0,46,4
217,1,1,1,1,1,1,0,0,1,0,0,18,2
218,0,0,1,1,0,1,0,0,0,0,0,18,4
219,0,0,0,0,0,1,1,1,1,1,0,1,7
220,1,0,0,1,0,1,0,0,1,1,1,35,6
221,0,1,0,0,0,1,0,1,0,1,1,12,3
222,1,0,0,1,1,1,0,0,0,0,0,13,5
223,0,0,1,0,0,0,1,1,0,0,0,35,1
224,1,1,1,0,0,0,1,0,1,1,0,4,7
225,1,1,0,0,1,1,0,0,0,0,0,26,3
226,1,0,0,1,0,0,1,0,1,0,0,16,3
227,1,0,1,0,1,0,0,1,1,0,1,18,5
228,1,0,1,0,1,0,1,1,0,1,0,33,6
229,1,1,0,1,1,1,1,1,0,0,0,9,7
230,0,1,0,0,1,1,1,1,0,1,1,41,3
231,0,0,0,1,1,0,0,0,0,0,0,5,7
232,0,0,0,0,0,0,0,1,1,1,1,46,4
233,0,0,1,1,1,0,0,0,0,0,0,2,3
234,0,0,1,1,0,1,0,0,1,1,1,45,8
235,0,1,0,1,0,1,0,1,1,1,1,34,4
236,0,1,1,0,0,0,0,1,0,0,0,38,3
237,0,0,1,1,0,0,0,0,0,0,1,26,7
238,1,0,0,1,0,1,0,0,1,0,0,10,7
239,1,0,1,0,0,1,0,0,1,0,0,44,6
240,1,0,1,1,1,0,1,1,1,0,0,13,4
241,1,0,0,0,1,1,0,1,0,0,1,28,2
242,1,1,0,1,1,0,1,0,1,0,1,4,5
243,1,0,1,0,1,0,1,1,1,0,0,16,2
244,1,1,1,1,1,0,0,0,1,1,0,17,9
245,1,0,0,1,0,0,0,0,0,0,0,3,4
246,1,1,0,0,1,1,1,0,0,1,0,4,5
247,1,0,0,0,0,0,0,0,0,0,1,32,2
248,0,1,1,0,1,0,0,0,1,1,1,39,6
249,1,1,0,1,1,0,1,1,0,1,1,47,1
250,0,1,1,1,1,0,1,0,1,0,1,33,7
251,1,1,0,1,0,1,0,1,1,0,1,25,6
252,0,1,0,1,0,1,1,1,1,1,1,22,5
253,1,1,0,0,0,0,1,1,1,1,0,45,3
254,0,0,0,0,1,1,1,1,0,1,0,32,3
255,1,1,1,0,1,1,1,1,0,0,0,48,6
256,1,1,0,1,1,0,1,0,0,1,0,1,6
257,1,1,0,0,1,0,1,0,0,1,0,41,8
258,0,1,1,1,1,1,0,1,0,0,1,14,9
259,1,0,0,0,1,0,1,0,0,0,1,21,9
260,0,1,1,0,1,1,0,0,0,1,1,42,9
261,0,0,0,1,1,1,1,0,1,1,0,9,7
262,0,1,0,0,0,1,1,0,0,1,1,44,2
263,0,1,1,1,0,1,1,1,0,0,1,10,8
264,0,1,0,1,1,0,0,0,0,0,0,28,5
265,1,1,1,0,0,1,1,1,0,1,1,39,5
266,1,1,0,1,0,0,0,1,0,1,0,27,5
267,1,1,1,0,1,0,0,1,0,0,1,28,1
268,0,0,1,1,1,1,1,0,1,0,0,34,8
269,1,0,0,0,0,0,0,0,0,0,0,49,9
270,1,0,1,0,0,0,0,0,1,0,1,20,1
271,0,1,1,1,1,1,0,0,1,1,0,50,5
272,0,1,1,1,0,0,0,0,0,1,0,48,7
273,1,0,1,1,0,0,1,0,1,1,0,25,5
274,0,1,0,0,0,1,1,0,1,1,0,44,8
275,0,0,1,0,1,0,1,0,0,1,1,1,9
276,1,0,1,0,1,0,0,0,1,1,0,46,5
277,0,0,1,1,0,1,1,1,0,1,0,13,7
278,0,1,1,0,1,0,1,0,1,0,1,25,3
279,0,0,1,0,0,1,0,1,0,1,0,10,4
280,0,0,0,1,1,0,0,1,1,0,0,44,8
281,0,0,0,1,1,0,0,0,1,1,0,2,2
282,0,0,1,0,0,0,1,0,0,1,0,2,8
283,0,1,0,0,1,0,0,0,1,0,1,7,3
284,1,1,1,1,0,0,0,1,1,1,1,13,1
285,1,0,1,1,0,0,1,0,0,1,0,18,1
286,1,1,1,0,1,1,0,1,0,1,1,16,2
287,1,0,1,0,1,1,0,1,1,1,0,32,4
288,1,1,1,1,0,1,0,0,0,1,0,36,4
289,1,1,0,0,0,0,1,0,1,0,1,30,6
290,0,1,1,1,1,1,0,1,1,1,0,42,8
291,1,1,1,0,1,1,0,0,1,0,0,17,1
292,0,0,0,1,0,0,1,1,0,1,1,25,3
293,0,1,1,1,1,1,0,1,0,0,0,29,1
294,1,1,0,1,1,0,0,0,0,0,0,30,7
295,1,1,1,0,0,0,1,1,1,0,1,45,5
296,1,0,1,0,0,1,0,0,0,1,0,1,5
297,0,1,0,0,0,0,1,1,1,1,1,8,7
298,0,0,0,0,0,0,0,0,1,0,0,37,6
299,1,0,1,0,1,0,1,1,1,1,0,40,8
300,0,0,1,0,1,1,0,1,0,1,1,4,4
301,1,1,1,0,1,0,0,1,0,1,1,50,5
302,1,0,0,0,1,1,0,1,1,0,0,50,5
303,0,0,0,1,1,1,0,0,0,0,1,13,6
304,1,0,1,1,0,1,1,0,1,1,0,49,4
305,0,0,0,1,0,1,0,1,0,1,1,22,5
306,1,0,1,1,0,1,1,1,1,0,1,22,9
307,1,1,1,1,0,0,0,0,1,1,1,49,3
308,0,1,1,1,0,0,0,1,1,1,1,11,2
309,0,0,1,0,0,1,1,1,1,0,0,41,5
310,0,1,0,1,1,0,1,0,0,0,1,31,6
311,0,1,0,1,1,0,1,0,0,0,0,10,7
312,0,0,0,1,0,1,1,0,1,1,1,11,1
313,1,1,0,1,1,1,1,1,1,0,0,37,2
314,0,1,1,1,1,1,0,1,1,0,0,38,8
315,1,0,1,0,0,0,0,0,1,0,1,23,4
316,0,0,1,1,1,1,0,0,1,0,0,3,7
317,1,1,0,0,0,0,0,0,1,1,1,30,1
318,0,1,1,0,1,1,0,0,1,1,0,36,2
319,0,0,0,0,1,0,0,0,1,1,1,36,9
320,0,0,1,0,1,0,0,0,0,1,0,8,4
321,1,0,1,1,1,1,0,0,0,1,1,30,5
322,0,0,1,0,1,1,0,1,1,1,0,44,2
323,1,1,1,1,0,1,0,0,1,1,0,23,8
324,0,1,0,0,0,0,0,1,0,1,0,14,7
325,0,0,1,0,1,1,1,0,1,0,1,8,2
326,0,0,0,1,0,0,0,1,1,1,0,8,8
327,1,1,0,1,1,0,0,0,0,0,1,2,2
328,1,1,0,0,0,0,0,0,0,0,0,22,4
329,1,1,1,0,0,1,0,0,0,1,0,24,8
330,1,1,1,0,0,0,1,0,1,1,1,3,1
331,1,1,1,1,0,1,1,0,0,1,0,36,9
332,1,1,1,1,0,1,0,1,0,1,0,28,6
333,0,0,0,1,1,0,0,0,0,0,0,42,4
334,0,0,1,1,1,0,0,0,0,1,1,23,7
335,0,0,0,1,1,1,0,0,0,1,1,1,1
336,1,0,0,1,0,1,1,0,1,1,0,29,8
337,0,0,1,0,0,0,1,1,1,1,0,44,1
338,1,0,0,1,0,1,1,0,0,0,0,18,5
339,0,0,1,0,1,1,0,0,0,0,0,40,5
340,0,0,1,1,1,1,0,1,1,1,1,21,6
341,1,0,0,0,1,1,0,1,0,1,0,23,9
342,1,1,0,1,1,1,0,1,1,1,0,49,8
343,1,0,0,1,1,0,1,1,1,0,1,36,4
344,0,1,0,0,1,1,0,1,0,1,0,43,9
345,0,0,0,1,0,1,1,1,0,0,0,47,5
346,0,1,1,0,0,1,0,1,1,0,0,21,4
347,0,0,0,0,1,1,0,0,0,1,1,40,5
348,0,1,1,0,1,1,0,0,0,1,1,26,3
349,0,0,0,0,1,1,0,0,1,1,0,21,5
350,1,0,1,0,1,0,0,0,1,1,1,26,2
351,1,1,1,0,1,0,0,0,1,0,0,14,9
352,0,1,1,0,0,0,0,0,0,1,0,9,4
353,1,1,0,1,1,1,1,0,1,0,0,31,2
354,1,0,0,1,0,0,1,1,0,0,0,43,6
355,1,1,1,1,0,1,1,1,0,0,1,17,7
356,0,1,1,1,0,0,1,0,1,0,1,33,1
357,0,1,1,0,0,0,0,1,0,1,0,23,6
358,1,1,0,1,1,1,1,1,0,0,1,11,4
359,1,1,0,0,1,1,1,0,0,1,0,12,1
360,1,0,0,0,0,0,1,1,1,1,0,28,1
361,1,0,0,0,0,0,1,0,0,1,0,14,8
362,1,1,0,1,1,0,1,0,0,1,0,23,3
363,0,0,1,1,0,0,1,1,1,1,1,48,3
364,1,1,0,1,1,0,1,1,0,1,0,21,1
365,0,0,0,0,0,1,0,0,0,1,0,4,5
366,1,0,0,1,0,1,1,1,0,0,1,31,6
367,1,0,0,1,1,1,1,0,1,1,1,33,1
368,0,0,0,0,0,0,1,1,1,1,0,26,7
369,1,1,0,1,1,0,1,1,1,0,0,21,8
370,0,0,1,0,1,1,0,0,1,0,1,41,2
371,0,0,0,1,0,1,0,0,0,0,1,33,5
372,1,1,0,1,1,1,1,1,0,0,0,37,7
373,0,0,0,0,1,1,1,1,0,1,1,48,5
374,0,0,1,1,1,1,1,1,0,0,1,29,8
375,1,0,1,0,0,1,0,1,1,1,1,27,1
376,0,0,0,0,1,1,0,1,1,1,1,44,3
377,1,0,0,0,1,1,0,1,1,0,0,1,7
378,0,1,1,1,0,0,0,0,1,1,0,42,7
379,0,1,0,0,1,1,0,0,1,1,1,3,4
380,1,0,0,0,0,0,1,0,1,0,1,48,2
381,0,1,0,1,0,1,1,1,0,1,1,24,5
382,1,1,1,0,1,0,1,0,0,0,1,29,6
383,1,0,0,0,1,1,0,0,1,1,0,40,4
384,0,1,1,0,0,1,1,0,0,0,1,12,3
385,0,0,1,1,1,1,0,0,0,1,0,17,6
386,1,1,1,0,1,1,0,1,0,1,1,46,2
387,1,0,1,0,0,1,0,1,0,1,0,3,1
388,1,1,0,1,1,1,1,0,0,1,0,1,1
389,0,1,0,0,1,1,0,0,0,1,1,5,5
390,1,0,0,1,0,0,1,1,1,1,1,15,7
391,0,1,1,0,0,0,1,1,1,0,1,23,6
392,0,0,1,1,0,0,0,1,0,1,1,21,1
393,0,0,1,1,0,1,0,1,0,1,1,32,5
394,0,1,0,1,0,1,0,0,1,0,0,32,5
395,0,0,1,0,0,1,0,1,0,0,0,28,2
396,0,0,0,1,1,0,0,1,1,0,0,32,4
397,1,0,1,1,1,0,1,1,1,1,0,21,9
398,1,0,0,0,0,0,1,1,1,0,1,6,7
399,0,0,0,1,1,0,0,0,0,1,1,38,3
400,0,0,0,1,1,0,1,1,0,1,0,40,4
401,0,1,0,1,0,1,0,1,1,0,1,18,2
402,0,0,0,0,1,1,1,0,0,1,1,37,8
403,1,0,0,0,0,1,1,0,1,1,0,31,9
404,0,0,1,1,0,1,1,0,1,0,0,20,5
405,1,1,0,1,1,0,0,0,1,1,0,26,7
406,0,1,0,0,0,0,0,0,1,1,0,20,1
407,0,0,1,1,0,1,1,0,1,1,1,10,1
408,1,0,0,0,1,0,0,1,0,1,1,5,5
409,1,1,0,0,0,0,1,1,0,1,1,25,8
410,0,0,0,0,0,0,1,0,0,0,1,22,4
411,1,0,0,0,0,1,1,1,0,1,0,4,2
412,1,1,1,1,0,0,0,1,0,1,0,36,2
413,1,1,1,0,1,1,0,0,0,0,1,14,9
414,1,1,1,0,1,0,1,1,0,1,1,23,3
415,1,0,0,0,0,0,0,1,0,0,0,27,7
416,1,1,0,0,0,0,1,0,1,0,0,12,9
417,1,0,0,0,0,0,1,0,1,0,1,17,9
418,0,1,0,1,1,0,0,1,1,1,0,43,6
419,1,1,0,0,0,0,0,1,0,1,1,48,6
420,1,0,0,1,0,1,1,1,0,0,1,21,9
421,1,1,0,1,1,1,1,0,1,1,1,38,6
422,1,1,1,0,1,1,0,0,1,1,1,11,7
423,0,0,1,0,0,1,1,0,1,1,0,12,1
424,0,0,1,0,1,1,0,1,1,1,1,18,5
425,0,1,1,1,1,1,1,1,1,1,1,38,2
426,0,0,1,1,0,0,0,0,1,1,0,11,8
427,1,0,1,0,1,0,1,0,0,0,1,4,5
428,1,1,1,1,1,1,1,1,1,0,1,47,4
429,1,0,1,1,0,1,0,0,1,0,0,34,3
430,1,0,1,1,0,0,1,1,0,0,0,42,7
431,1,0,0,0,0,1,0,1,0,1,0,49,6
432,0,0,0,1,1,0,1,1,1,0,1,2,3
433,1,0,0,1,1,1,1,1,1,1,0,48,8
434,0,1,1,0,0,0,1,1,0,0,0,48,5
435,0,0,0,1,0,0,0,0,0,1,1,33,6
436,0,1,1,0,0,0,0,0,0,0,1,27,6
437,1,1,1,0,0,1,0,1,1,1,0,11,4
438,1,0,1,0,1,1,0,0,1,1,1,33,4
439,0,1,0,1,1,1,0,1,0,1,1,29,5
440,0,0,1,1,1,1,0,0,0,1,1,14,8
441,1,0,1,0,0,1,0,1,0,1,0,32,5
442,1,0,1,1,0,0,0,0,0,1,1,30,3
443,0,1,1,0,0,0,1,0,1,0,1,8,6
444,0,1,0,0,1,1,0,1,0,1,0,43,3
445,1,1,1,1,1,1,0,1,0,0,0,5,2
446,0,1,0,0,1,0,1,1,1,0,1,44,6
447,1,1,0,1,0,0,0,1,1,1,0,15,9
448,1,1,0,0,0,1,0,1,1,0,1,7,4
449,1,1,0,0,0,0,1,1,0,0,0,26,6
450,1,1,1,1,0,0,0,1,1,0,0,24,8
451,0,0,0,1,0,1,1,0,0,0,0,42,1
452,1,0,0,0,1,0,0,0,1,0,1,40,1
453,0,1,0,0,0,1,1,0,0,1,1,10,3
454,1,1,0,0,0,1,1,0,0,0,0,47,3
455,1,0,0,0,0,0,0,0,0,1,0,26,6
456,1,0,1,0,0,1,1,1,0,0,0,7,1
457,0,0,1,0,0,1,0,1,1,1,1,7,7
458,1,0,1,1,1,0,1,0,0,1,0,33,3
459,1,1,1,0,1,0,0,0,0,1,0,26,3
460,0,1,0,1,1,1,1,1,1,1,0,23,9
461,0,1,0,0,1,0,1,1,0,1,0,30,3
462,1,0,0,0,1,0,0,1,1,0,0,2,6
463,0,1,1,0,1,1,0,1,1,0,1,30,3
464,1,0,0,0,1,1,1,0,0,1,0,37,5
465,1,1,1,0,0,1,0,1,0,0,1,21,2
466,0,1,0,1,0,0,0,0,1,0,0,19,6
467,1,1,1,0,0,1,1,1,0,0,0,15,6
468,0,0,0,0,1,1,0,0,0,1,1,8,2
469,1,1,0,0,1,1,1,0,1,0,1,43,6
470,0,1,1,0,0,0,1,0,1,1,0,32,9
471,1,0,0,0,1,1,0,0,0,1,0,34,7
472,0,0,0,0,0,1,0,1,1,1,0,41,1
473,0,0,0,0,0,1,1,1,1,1,1,25,3
474,1,0,1,1,0,1,0,1,1,0,1,2,5
475,0,1,0,0,1,0,1,1,0,1,1,37,9
476,1,0,0,1,0,1,0,0,0,1,1,9,5
477,1,1,1,1,0,0,1,1,1,0,1,25,4
478,1,1,0,0,0,0,0,1,1,0,1,16,6
479,0,1,1,1,1,0,1,0,1,1,1,41,8
480,1,1,1,1,0,0,1,0,1,0,0,37,5
481,0,1,0,0,1,1,1,0,0,0,0,2,9
482,1,1,1,0,1,1,1,1,1,1,1,14,4
483,1,0,0,1,1,1,0,1,1,0,1,14,1
484,0,0,0,0,0,0,1,0,1,0,1,26,8
485,0,0,1,1,0,1,0,0,0,1,0,36,6
486,1,1,1,1,0,0,1,1,1,0,0,18,9
487,1,1,1,1,0,0,1,1,0,0,1,23,5
488,0,0,1,0,1,1,1,1,0,0,0,40,5
489,0,0,1,0,0,1,1,0,1,0,1,37,4
490,1,1,1,1,1,0,0,1,1,0,0,12,2
491,0,0,0,1,1,0,1,1,1,1,0,42,2
492,0,1,1,1,0,1,1,0,0,1,1,50,9
493,1,0,1,0,0,0,1,1,0,1,0,5,2
494,1,0,1,1,1,1,0,0,0,0,1,36,7
495,0,0,0,1,0,0,1,1,1,1,1,14,1
496,1,1,0,0,0,1,0,1,0,1,0,2,3
497,1,0,0,1,1,0,0,0,1,1,0,36,2
498,0,1,0,1,1,1,1,1,1,0,0,14,7
499,0,1,0,1,1,0,0,1,0,1,0,44,3
500,0,1,1,1,0,0,0,0,1,0,1,43,4
501,0,0,0,0,1,1,0,1,0,0,1,3,3
502,0,1,1,1,0,1,0,1,1,0,0,38,5
503,0,0,0,1,0,1,0,1,1,1,1,24,4
504,1,1,0,0,1,1,0,1,0,1,0,9,5
505,1,1,0,1,1,1,1,0,1,0,1,47,9
506,0,0,0,1,1,0,1,0,0,0,0,35,1
507,0,0,0,0,1,1,0,1,0,0,0,18,2
508,1,0,0,1,1,1,1,1,1,0,0,8,8
509,0,1,0,0,1,1,0,1,0,0,1,30,7
510,1,1,0,0,1,1,1,1,1,0,1,4,4
511,0,0,1,0,1,0,0,0,1,0,0,4,3
512,1,1,1,1,1,1,0,1,1,0,0,12,8
513,0,1,0,0,0,0,0,1,0,0,1,48,9
514,1,0,1,0,1,1,1,0,1,0,0,3,1
515,1,0,0,1,0,0,0,0,0,0,1,47,7
516,1,1,1,1,0,1,1,1,1,1,1,10,4
517,1,1,0,1,1,1,0,1,0,1,0,3,7
518,1,0,1,1,0,1,0,1,0,1,0,26,6
519,1,0,1,1,1,1,1,1,1,0,1,31,9
520,1,1,1,0,0,1,1,0,0,1,0,31,9
521,0,1,0,0,1,0,0,0,1,0,0,16,4
522,1,1,0,0,0,0,0,1,1,0,1,37,1
523,1,0,0,1,0,0,1,0,0,0,1,6,7
524,1,0,1,0,0,1,1,0,1,0,1,44,9
525,1,1,1,1,1,0,0,1,1,1,1,11,1
526,1,0,0,1,1,1,1,0,1,1,0,17,1
527,0,0,1,0,0,1,0,0,1,0,1,44,6
528,1,0,0,1,0,0,0,0,0,1,0,9,4
529,1,1,1,0,1,1,0,0,1,0,0,4,1
530,1,0,0,1,0,1,0,1,0,1,1,45,9
531,0,0,1,0,1,0,1,1,0,0,0,44,3
532,0,0,1,1,0,0,1,0,1,0,0,44,8
533,1,0,1,1,0,0,0,1,1,1,1,5,9
534,1,1,1,1,1,1,1,0,0,1,0,8,6
535,1,1,1,0,1,0,0,1,1,1,0,19,1
536,0,0,0,1,1,0,0,0,1,1,1,31,5
537,0,0,0,0,0,1,0,1,1,0,0,30,3
538,1,0,0,1,1,0,0,1,1,1,0,36,3
539,1,1,1,0,0,0,1,0,0,1,1,26,4
540,1,1,0,0,1,0,0,0,1,1,0,8,9
541,1,0,0,0,0,0,0,0,0,1,1,24,1
542,0,0,1,0,0,1,0,1,0,1,0,15,4
543,1,0,0,0,0,1,0,0,1,1,0,30,3
544,0,1,1,1,0,0,0,1,0,0,0,24,4
545,0,0,0,1,0,0,0,0,1,0,0,38,1
546,1,1,1,0,1,0,1,0,0,1,0,4,9
547,0,0,0,0,0,0,1,0,1,0,0,15,6
548,1,0,1,1,0,1,1,0,0,1,0,33,8
549,1,1,1,0,1,0,1,1,1,1,0,23,1
550,1,0,1,1,0,1,1,1,0,0,0,32,5
551,1,0,1,0,1,1,0,0,1,1,0,16,6
552,1,0,1,1,1,1,1,1,0,1,0,47,6
553,1,0,0,1,0,1,1,0,0,0,1,50,2
554,0,1,0,1,1,0,0,1,0,0,0,19,5
555,1,0,1,0,1,0,1,0,0,0,1,37,7
556,0,1,1,0,0,1,0,1,0,0,1,17,5
557,1,0,1,1,1,1,0,0,1,0,0,45,4
558,1,1,0,0,0,0,1,0,0,1,0,16,5
559,0,1,0,1,0,1,0,1,1,1,0,39,5
560,0,0,0,1,0,1,1,1,1,1,0,18,7
561,1,0,0,0,0,1,1,1,1,1,0,17,3
562,0,0,1,0,1,0,1,0,0,0,1,21,4
563,0,0,0,0,0,0,0,1,0,1,0,41,2
564,0,1,0,0,1,1,1,0,0,1,1,35,1
565,1,0,0,1,0,1,1,0,0,1,0,17,4
566,1,1,1,1,0,1,0,0,0,1,1,29,5
567,1,0,1,1,1,0,1,1,0,1,1,4,1
568,1,0,1,1,0,0,0,1,0,1,1,44,3
569,0,1,0,0,0,0,0,0,0,0,1,23,6
570,0,0,0,1,0,1,1,0,0,1,0,14,3
571,0,0,1,1,1,0,1,0,0,0,1,47,7
572,0,0,1,1,1,1,0,0,0,1,0,21,5
573,0,0,1,0,0,1,0,0,1,0,1,12,7
574,1,1,0,0,1,1,1,0,1,0,1,50,6
575,1,0,1,1,1,0,0,0,1,1,0,12,4
576,0,0,0,1,0,0,1,1,0,0,0,29,4
577,0,1,0,1,0,0,0,0,0,1,1,7,5
578,0,1,1,0,1,0,1,1,0,0,0,24,4
579,1,0,0,1,0,1,1,1,1,1,0,7,1
580,0,0,1,0,1,1,0,1,0,1,1,30,8
581,0,1,0,0,1,1,1,0,1,1,1,34,4
582,0,0,1,1,0,0,0,1,0,1,1,35,1
583,1,0,0,0,1,1,0,1,0,1,1,20,7
584,1,0,0,0,0,1,0,0,0,1,0,38,4
585,1,1,0,1,1,0,0,0,1,1,1,16,5
586,1,0,1,0,1,1,1,0,0,1,1,31,4
587,0,0,1,0,1,0,0,0,1,0,1,43,6
588,1,1,0,0,1,0,0,0,1,1,0,36,8
589,0,1,0,0,0,1,1,1,1,0,0,49,4
590,1,0,0,1,0,0,1,1,0,0,1,13,5
591,1,1,0,0,1,1,1,0,0,1,1,3,7
592,1,1,0,0,0,0,0,1,1,1,0,31,9
593,0,1,1,0,1,0,0,1,0,1,1,50,7
594,1,1,1,1,0,0,1,0,1,1,0,5,3
595,1,0,1,1,0,1,1,1,1,0,1,8,9
596,1,1,0,1,0,1,0,1,0,1,0,14,4
597,0,1,0,1,0,1,0,0,1,1,0,15,8
598,1,0,0,0,1,1,1,1,1,1,1,36,4
599,1,0,1,0,1,0,0,1,0,0,1,20,9
600,1,0,1,1,0,0,0,1,1,1,0,47,1
601,1,1,0,0,0,0,1,1,1,0,1,21,2
602,0,1,1,1,1,0,1,1,0,1,0,20,2
603,1,0,1,1,0,1,1,1,0,1,1,29,4
604,0,0,1,0,0,0,0,0,0,0,0,10,8
605,0,1,0,1,1,0,0,1,0,0,1,16,9
606,1,1,0,0,1,0,1,0,1,1,0,3,2
607,1,1,1,0,0,0,0,1,1,1,1,50,2
608,1,1,1,1,1,0,1,1,1,0,0,28,8
609,1,1,1,1,0,1,0,0,1,1,0,39,1
610,1,0,1,1,1,1,0,1,1,1,0,43,1
611,1,0,1,0,0,0,1,0,1,1,1,3,3
612,1,0,0,0,0,1,1,1,1,0,0,31,1
613,0,1,1,0,0,0,0,1,1,0,1,2,6
614,0,0,0,1,1,1,0,1,1,1,0,22,7
615,1,1,0,1,1,0,0,1,0,0,0,42,9
616,1,0,0,0,1,1,0,0,1,1,1,4,5
617,1,0,1,0,0,1,1,0,1,0,0,16,8
618,1,0,1,0,1,1,0,0,1,0,1,20,6
619,0,0,1,1,1,1,0,1,1,0,0,6,9
620,1,0,0,0,0,1,0,0,0,1,0,24,7
621,1,0,1,0,1,1,1,0,0,1,1,24,4
622,1,1,1,1,1,0,1,1,0,1,0,47,1
623,1,0,1,1,1,0,1,0,0,0,0,27,2
624,0,0,1,1,1,1,1,1,1,0,0,12,2
625,1,1,0,1,0,0,0,1,1,0,0,41,4
626,0,0,0,0,1,0,0,0,0,0,1,50,5
627,1,0,0,0,0,0,1,1,1,1,0,31,1
628,0,0,1,0,1,0,1,0,0,1,0,35,4
629,1,1,1,1,1,1,1,0,1,0,0,6,1
630,1,0,1,0,0,0,1,0,0,0,0,42,4
631,0,0,0,0,1,0,0,0,0,0,1,8,4
632,1,0,1,1,0,0,1,1,1,1,0,41,5
633,1,1,1,1,0,0,1,1,1,0,0,23,4
634,0,1,0,0,0,0,1,1,1,1,1,11,7
635,0,1,0,0,1,0,0,0,1,0,1,32,6
636,0,0,0,1,0,0,1,0,0,0,1,7,1
637,0,1,1,1,1,1,1,1,0,0,0,43,7
638,0,1,1,0,0,1,0,0,0,0,1,11,3
639,1,0,0,0,1,0,0,1,0,1,0,43,6
640,0,0,0,1,0,1,1,1,0,0,0,49,7
641,1,0,1,0,1,0,0,0,0,1,1,49,8
642,1,1,0,0,1,0,1,1,1,0,1,21,9
643,0,1,0,0,1,1,0,1,0,0,1,2,8
644,0,1,0,0,1,0,0,0,0,1,1,33,4
645,1,1,0,1,1,0,0,1,0,0,0,36,7
646,1,0,1,0,0,1,0,1,0,0,0,25,1
647,0,1,1,1,0,1,1,1,1,1,0,9,9
648,1,1,1,1,1,1,1,0,1,1,1,19,2
649,1,0,0,1,1,0,1,1,0,0,0,50,4
650,1,0,0,1,1,1,0,0,1,0,1,7,8
651,1,0,0,0,1,0,1,0,0,1,0,10,2
652,1,0,0,0,1,0,0,1,1,0,1,49,5
653,0,1,1,1,1,0,1,1,0,0,1,24,3
654,1,1,1,0,1,1,0,0,0,0,0,32,6
655,0,1,1,1,0,0,0,0,0,0,0,37,9
656,0,1,1,1,0,0,0,1,1,1,1,49,8
657,0,1,0,1,0,1,0,1,1,0,1,42,5
658,1,1,0,1,0,0,0,0,1,1,1,33,4
659,0,1,1,1,0,0,1,1,0,1,1,5,2
660,1,0,1,0,1,0,1,1,0,0,0,3,4
661,0,1,1,1,0,0,1,0,1,1,1,49,2
662,1,1,0,1,1,0,1,0,0,1,1,8,4
663,0,0,0,1,1,1,1,1,1,0,1,9,7
664,1,1,0,1,1,0,0,0,0,0,0,22,1
665,0,1,1,1,1,0,0,1,0,1,0,34,5
666,1,1,1,1,1,1,1,1,1,1,0,40,3
667,0,0,1,0,1,1,1,0,0,1,0,40,6
668,0,0,0,1,1,0,0,1,0,1,0,34,7
669,0,1,1,1,0,0,1,1,0,0,0,42,7
670,0,1,1,0,0,0,0,1,1,1,1,37,3
671,0,1,1,0,1,1,1,0,1,1,1,11,8
672,1,1,0,1,1,0,1,0,1,0,1,38,9
673,1,0,1,1,0,0,1,1,0,0,1,3,7
674,0,0,0,1,1,1,0,1,0,0,1,17,4
675,0,1,0,1,0,1,0,1,0,0,0,49,3
676,0,1,1,0,0,1,1,1,0,1,0,50,5
677,0,1,0,1,0,1,0,1,1,0,1,35,1
678,0,0,1,0,1,0,1,0,0,1,0,14,1
679,1,0,0,0,1,0,1,0,0,1,0,40,7
680,1,1,1,1,0,1,0,0,0,0,0,30,5
681,1,1,1,0,1,0,1,0,1,0,1,30,7
682,0,1,0,1,0,1,0,1,1,1,1,33,2
683,0,1,1,1,0,0,1,0,0,1,0,39,4
684,1,1,1,1,0,1,1,0,1,0,0,5,3
685,0,0,0,1,0,0,0,1,1,0,1,26,8
686,0,1,1,0,0,0,1,0,0,1,1,2,4
687,1,0,0,1,0,1,0,1,1,1,1,11,6
688,0,0,0,0,1,1,0,1,1,0,1,15,3
689,1,1,1,1,1,1,1,0,0,0,0,20,3
690,0,1,1,1,1,0,1,0,0,0,1,30,9
691,1,1,0,1,1,0,0,1,1,1,0,26,1
692,1,0,0,0,0,0,1,0,0,1,1,16,4
693,0,1,0,1,0,0,1,0,0,0,1,24,8
694,0,0,1,1,1,1,0,0,1,0,0,9,4
695,1,0,1,0,1,0,0,1,0,1,1,2,4
696,1,0,0,1,0,1,1,0,1,0,0,3,9
697,0,0,1,1,1,1,0,0,1,1,0,31,9
698,1,0,1,0,1,0,1,1,1,1,0,11,8
699,0,0,1,0,0,1,0,1,1,0,1,36,6
700,1,0,1,0,1,1,1,0,1,0,0,48,7
701,1,0,0,1,0,0,1,1,1,1,0,38,3
702,0,1,0,0,1,0,0,1,0,0,0,39,4
703,0,0,1,0,0,0,0,1,0,1,0,14,5
704,1,0,0,1,1,1,0,0,1,1,0,46,3
705,0,0,1,1,1,1,1,0,1,0,0,31,8
706,1,1,0,0,0,1,0,1,1,1,1,26,3
707,0,1,1,1,1,1,1,1,0,1,1,7,7
708,0,0,0,1,0,0,1,0,1,0,0,18,4
709,1,1,0,0,1,1,1,1,0,1,0,26,8
710,1,1,0,1,1,1,0,1,1,0,1,34,5
711,1,1,0,0,0,0,0,0,1,1,0,49,4
712,0,0,0,0,0,1,1,0,0,0,0,31,4
713,0,1,1,0,0,0,0,1,0,1,0,27,3
714,1,0,0,1,1,1,1,0,1,0,0,10,3
715,0,0,1,1,0,0,0,1,0,1,1,7,8
716,1,1,1,0,0,0,1,1,0,0,1,29,5
717,0,1,1,1,1,0,1,0,0,1,1,9,8
718,1,0,1,1,0,0,0,1,0,0,1,13,4
719,0,1,1,1,0,0,0,0,0,0,0,25,9
720,1,1,0,0,1,0,1,1,0,1,0,31,1
721,1,0,1,1,0,1,0,1,0,1,1,35,9
722,1,0,1,1,0,0,0,1,1,0,0,19,6
723,1,1,1,0,1,0,0,1,1,0,0,16,4
724,0,1,1,0,1,1,1,1,1,1,1,50,8
725,1,1,0,1,0,0,0,1,1,1,0,24,5
726,1,0,1,0,0,1,0,1,1,1,0,4,5
727,1,0,1,1,0,0,1,1,0,0,1,37,1
728,1,0,0,0,0,0,0,0,1,0,1,31,7
729,1,1,1,0,0,0,1,1,0,0,1,1,2
730,0,0,0,1,0,1,1,1,1,1,1,16,3
731,0,0,1,0,1,1,1,1,1,1,1,30,8
732,1,1,0,0,1,0,1,1,0,1,0,36,3
733,1,1,0,0,0,1,1,0,0,1,0,5,2
734,1,1,0,1,1,0,1,1,1,1,1,18,2
735,0,0,0,1,1,0,1,1,0,0,0,38,9
736,0,0,1,1,0,0,0,1,0,1,0,8,9
737,1,0,1,0,1,0,1,1,1,0,1,22,7
738,1,1,0,0,0,1,1,1,1,1,0,40,5
739,1,1,1,1,1,1,0,1,0,1,1,30,4
740,0,0,1,1,1,0,0,1,0,1,0,9,1
741,0,0,0,0,0,1,0,1,1,0,0,41,4
742,1,0,1,1,0,0,0,1,0,1,1,31,3
743,1,0,0,0,0,1,1,0,0,1,0,3,8
744,0,0,0,1,1,0,0,1,0,1,0,44,6
745,1,1,1,1,0,0,1,1,0,1,0,11,1
746,1,1,0,1,1,1,0,0,0,1,0,9,1
747,0,0,0,1,1,0,0,1,0,0,0,16,7
748,0,0,1,0,1,0,0,0,0,1,1,20,8
749,1,0,1,1,1,0,1,1,0,1,0,32,3
750,1,1,1,0,1,0,1,1,0,0,0,15,8
751,1,1,1,0,0,0,1,1,0,0,1,41,8
752,1,0,1,0,0,1,1,1,1,0,0,27,8
753,1,1,0,0,1,1,1,1,1,0,0,29,4
754,0,0,0,1,1,1,1,1,0,0,1,49,6
755,1,1,1,0,1,1,1,1,0,1,1,7,2
756,1,1,1,1,1,1,1,1,1,0,1,1,9
757,1,0,1,1,0,1,1,0,0,0,0,42,9
758,0,0,0,0,1,0,0,1,1,1,1,17,3
759,0,1,0,1,1,0,1,1,0,0,0,22,9
760,1,0,1,1,1,1,1,0,0,0,1,33,4
761,1,0,0,0,0,1,1,0,0,0,0,11,4
762,0,1,0,1,0,1,1,1,1,0,0,1,8
763,0,0,1,1,1,1,1,1,1,0,1,13,5
764,0,1,0,0,1,0,0,1,0,0,0,4,8
765,0,1,0,0,1,0,0,1,0,1,1,19,4
766,0,0,0,0,1,1,1,1,0,1,0,24,4
767,1,0,1,1,1,1,0,1,0,1,1,23,4
768,0,1,0,1,0,0,0,1,1,1,0,40,3
769,0,0,1,0,0,1,1,1,1,1,1,47,6
770,0,0,1,0,0,1,1,1,0,0,1,25,7
771,0,0,0,0,0,0,1,0,1,1,1,10,3
772,0,0,1,1,0,0,0,0,0,1,1,6,6
773,0,0,0,1,0,1,1,0,1,1,0,7,1
774,1,1,0,1,1,0,0,1,0,0,0,24,6
775,0,1,1,1,1,0,1,1,0,1,1,2,6
776,0,0,0,0,0,1,0,1,1,0,0,46,7
777,1,1,0,0,0,1,1,1,1,0,1,28,1
778,1,1,0,1,0,0,1,0,0,1,0,48,6
779,0,1,1,0,0,0,0,1,1,1,1,1,2
780,1,0,0,0,0,0,0,0,1,0,1,9,9
781,0,0,0,0,1,0,0,0,1,0,0,2,1
782,0,1,1,0,0,1,0,1,0,1,0,6,3
783,0,0,1,0,0,0,1,1,0,1,1,42,6
784,0,1,1,1,0,0,0,1,0,1,1,43,9
785,0,0,0,1,1,1,1,0,0,1,1,27,2
786,0,1,0,1,1,0,1,0,1,1,0,37,4
787,1,1,1,1,0,0,1,1,1,1,0,39,8
788,1,1,0,0,0,0,0,0,0,0,0,20,4
789,1,0,0,1,1,0,0,0,0,0,1,37,8
790,0,0,1,0,1,0,0,0,0,1,0,27,7
791,0,0,0,1,0,1,1,1,0,0,0,48,6
792,0,1,0,0,0,0,0,1,0,0,1,47,7
793,0,1,0,0,0,1,0,0,0,1,0,27,7
794,1,1,1,0,0,1,1,1,0,1,1,17,7
795,0,0,0,0,0,1,1,1,1,0,0,32,2
796,0,1,1,0,1,1,1,0,0,1,1,41,7
797,1,0,0,1,0,1,0,0,1,0,1,4,3
798,1,1,0,1,1,0,0,0,1,0,0,40,5
799,0,1,0,0,1,1,0,1,0,0,1,26,4
800,0,0,0,0,1,0,0,0,0,1,1,43,6
801,1,0,0,0,1,1,1,1,1,0,0,17,1
802,0,0,1,0,1,0,1,1,1,1,1,3,1
803,0,0,1,1,0,1,0,1,1,1,0,2,5
804,1,1,0,1,1,0,1,1,1,1,1,23,5
805,0,1,1,0,0,1,0,1,1,1,1,48,5
806,0,0,1,1,1,1,0,0,1,1,0,10,3
807,1,0,1,1,0,1,0,0,0,0,1,31,2
808,0,1,1,0,1,0,0,0,0,1,0,37,5
809,0,0,0,1,1,1,0,1,0,0,1,14,8
810,1,0,1,0,1,0,1,1,1,0,0,43,1
811,1,1,0,0,1,1,0,0,1,0,0,31,8
812,1,0,1,1,0,0,0,1,0,0,1,23,2
813,1,0,1,0,0,1,0,0,0,0,1,9,9
814,1,0,0,0,0,0,0,1,0,0,1,15,7
815,1,0,1,1,1,1,0,0,0,1,0,24,2
816,0,0,1,1,1,0,0,0,1,0,0,28,9
817,1,0,1,1,1,0,1,1,1,1,0,14,2
818,1,1,1,0,0,0,0,0,0,0,0,6,4
819,1,1,0,1,1,0,0,1,0,0,1,28,5
820,1,1,0,0,0,0,1,1,0,0,0,17,7
821,1,1,1,1,0,1,1,0,1,0,0,13,3
822,0,1,0,0,0,1,1,1,1,1,1,35,9
823,0,1,0,1,1,1,0,1,0,0,1,9,4
824,0,1,0,0,0,1,1,1,1,1,0,6,7
825,0,1,1,1,1,0,1,0,1,1,0,29,4
826,0,0,1,1,0,1,1,1,1,0,1,28,9
827,0,1,0,1,1,0,1,0,1,0,1,32,9
828,0,1,0,0,0,0,0,0,0,1,0,30,8
829,0,0,1,0,0,0,1,0,1,0,0,27,8
830,0,1,1,1,1,1,1,1,0,0,0,30,4
831,1,1,1,1,0,1,1,0,0,1,1,43,1
832,1,0,1,1,0,0,0,0,0,0,1,33,5
833,1,1,1,0,1,0,1,0,1,1,1,5,7
834,0,1,1,1,1,1,1,0,0,1,0,13,1
835,0,0,0,0,0,1,0,1,0,0,0,17,5
836,0,0,1,0,0,0,0,1,1,1,0,22,3
837,0,0,0,0,1,0,0,1,0,0,1,9,3
838,0,0,0,1,1,1,0,1,0,1,0,24,7
839,1,1,1,1,1,1,1,0,0,0,0,21,9
840,1,0,1,0,1,0,1,0,0,0,0,34,2
841,0,0,1,1,0,0,0,1,1,1,0,31,5
842,1,1,1,1,0,1,1,0,1,0,1,16,7
843,1,1,1,0,0,1,0,0,1,1,1,16,6
844,0,0,0,0,1,1,1,0,0,1,1,14,1
845,1,0,0,0,1,0,0,0,0,0,1,43,6
846,0,1,1,1,0,1,0,0,1,1,0,8,7
847,0,0,0,1,1,1,0,0,1,1,1,12,9
848,0,1,1,0,1,1,1,1,1,0,0,26,9
849,1,1,1,1,1,1,0,0,0,0,1,28,1
850,0,0,0,0,0,1,1,1,0,1,1,26,4
851,0,1,1,1,0,0,0,1,0,0,0,32,3
852,0,0,1,1,1,1,1,0,0,0,1,23,4
853,0,1,0,0,0,0,1,0,1,0,1,2,2
854,1,1,0,0,1,0,1,1,1,1,0,22,4
855,1,0,0,1,0,1,0,1,1,0,0,36,3
856,0,0,0,1,0,0,1,0,1,1,0,9,4
857,0,0,0,0,1,1,1,0,1,0,1,35,9
858,0,1,1,0,0,0,1,1,0,0,1,4,5
859,0,0,0,1,1,0,1,1,0,0,1,23,6
860,0,1,0,1,0,0,0,1,1,0,1,44,4
861,0,1,0,1,0,0,1,0,0,0,0,36,9
862,1,0,1,1,0,0,1,0,0,0,0,28,8
863,1,1,0,1,0,0,1,0,1,0,1,8,8
864,0,0,0,0,0,1,0,1,1,1,0,10,2
865,0,0,1,1,1,0,1,1,1,1,0,18,5
866,0,0,0,0,1,1,1,1,1,0,1,42,6
867,0,1,1,1,0,1,0,0,1,0,0,20,9
868,0,0,0,1,0,1,0,1,1,1,1,28,9
869,1,0,1,1,1,0,1,0,0,0,0,43,2
870,1,0,0,0,0,1,1,0,1,1,1,34,5
871,0,1,0,0,1,0,0,1,1,0,0,29,3
872,1,0,1,0,1,1,1,1,0,1,0,32,3
873,1,1,1,1,0,1,1,1,0,0,0,23,2
874,0,1,0,1,0,1,1,0,0,1,1,47,3
875,1,0,0,0,0,0,0,0,0,1,0,46,5
876,0,1,0,1,1,0,0,1,1,1,0,44,5
877,1,0,1,1,1,0,1,0,0,1,0,40,5
878,0,1,1,0,0,1,1,0,1,0,0,18,7
879,0,1,1,1,0,0,1,1,1,0,1,45,7
880,0,1,1,0,1,1,1,0,1,0,0,31,6
881,1,1,0,1,0,0,1,1,1,0,0,43,5
882,0,1,1,0,0,1,1,1,1,0,1,5,7
883,1,0,0,1,1,0,0,1,0,0,0,22,8
884,1,0,1,0,0,0,0,1,1,0,0,34,3
885,0,0,0,1,0,1,0,0,0,1,1,24,5
886,1,1,0,1,1,1,1,0,0,0,1,39,5
887,1,1,0,0,1,0,0,1,1,0,0,44,9
888,1,1,1,1,1,1,0,0,1,1,1,40,9
889,0,0,0,1,0,0,0,1,0,1,1,20,3
890,0,0,1,0,1,0,0,1,0,1,1,39,4
891,1,1,1,1,1,0,0,1,1,0,0,11,2
892,1,1,0,1,0,1,1,0,0,1,0,9,8
893,0,0,0,1,0,1,1,1,0,0,1,45,5
894,0,1,1,0,1,0,1,0,0,0,1,47,5
895,0,0,1,0,0,0,1,1,1,1,0,43,2
896,1,0,0,1,1,0,1,1,1,1,0,34,3
897,0,0,1,1,1,0,0,1,0,0,1,18,2
898,1,0,1,0,0,0,1,1,1,1,0,50,5
899,1,1,1,0,0,0,0,1,1,1,0,18,6
900,1,0,0,1,0,1,0,0,0,1,0,42,7
901,0,1,0,0,1,0,0,1,1,1,0,1,5
902,0,1,1,1,1,1,0,0,1,1,1,41,8
903,1,1,0,0,1,1,1,0,0,0,1,43,1
904,1,1,1,1,1,1,1,1,0,1,1,36,7
905,0,1,0,0,0,0,1,1,1,1,0,38,3
906,1,0,0,0,0,0,0,0,0,1,0,31,9
907,1,1,0,1,1,1,0,0,0,1,1,36,7
908,1,0,0,0,1,1,0,1,1,0,0,14,2
909,0,0,0,1,0,0,1,1,0,1,0,41,2
910,1,1,1,1,1,1,1,0,0,0,0,44,4
911,1,1,0,1,0,1,1,0,0,1,1,3,3
912,1,0,1,1,1,1,1,1,0,0,1,39,9
913,1,1,0,0,0,1,1,0,0,1,1,7,6
914,0,0,0,0,0,0,1,1,0,0,0,23,5
915,0,0,0,1,0,0,1,0,1,1,1,32,4
916,0,1,1,0,1,1,0,0,0,0,1,7,2
917,1,0,1,1,0,0,1,0,1,1,1,21,3
918,1,0,0,0,1,0,0,0,1,1,1,27,5
919,0,0,1,0,0,0,0,0,1,1,1,11,6
920,0,0,0,0,1,0,0,0,0,1,1,35,5
921,0,1,0,1,1,1,0,1,1,1,1,30,1
922,1,1,1,0,1,1,1,1,1,1,1,22,2
923,1,1,1,1,1,1,1,1,1,1,0,18,3
924,0,0,0,0,1,0,0,1,1,0,0,6,2
925,0,0,1,1,0,1,0,0,0,0,0,3,9
926,1,0,0,1,0,0,1,1,0,0,0,34,4
927,0,1,0,0,1,0,0,0,1,0,1,25,9
928,0,1,1,0,0,0,0,1,1,1,1,32,9
929,1,0,1,0,1,1,1,1,1,1,0,23,2
930,0,1,1,1,1,1,1,0,1,0,1,13,3
931,1,1,1,0,1,0,0,0,1,0,0,12,8
932,0,1,0,0,0,1,1,0,1,0,0,23,7
933,1,1,0,0,0,0,1,0,0,1,0,1,2
934,0,1,0,1,1,1,0,0,1,1,1,28,1
935,0,1,1,1,1,1,0,0,0,1,0,27,6
936,1,0,0,1,0,0,0,1,0,1,1,48,9
937,0,1,1,0,1,0,0,0,0,1,0,39,3
938,0,0,0,0,1,0,0,1,0,1,0,5,1
939,1,1,0,0,0,0,0,1,1,1,0,19,4
940,0,0,1,1,1,1,1,0,1,1,1,26,5
941,0,0,1,1,0,0,0,0,0,1,0,42,6
942,0,1,0,1,1,1,0,0,0,0,1,49,6
943,1,1,1,1,1,0,0,0,0,1,1,10,5
944,1,0,0,1,1,0,0,1,1,0,0,31,9
945,0,0,0,0,1,1,1,1,0,1,0,42,5
946,1,1,1,0,0,0,1,0,0,1,1,5,2
947,0,1,1,1,1,1,0,0,1,1,1,9,9
948,0,1,1,1,0,1,1,0,1,1,0,24,3
949,0,1,1,0,0,1,0,0,0,1,1,49,7
950,0,0,0,1,1,0,1,0,0,1,0,31,4
951,1,1,1,0,0,1,1,1,1,0,1,12,6
952,1,1,1,0,0,1,0,1,0,1,1,21,9
953,0,0,1,0,1,0,1,1,0,1,1,3,6
954,1,0,1,1,0,0,1,1,1,1,0,47,2
955,0,0,0,1,0,1,0,1,1,1,1,44,8
956,0,1,0,0,1,0,1,1,1,1,0,35,9
957,0,0,1,1,0,1,0,0,0,1,0,24,4
958,0,1,0,0,0,0,0,0,0,1,1,34,3
959,1,0,0,1,1,1,1,0,0,0,1,2,9
960,1,1,1,0,0,0,0,0,0,1,0,30,5
961,0,1,1,0,1,1,1,0,0,0,1,16,6
962,1,1,0,1,1,1,1,0,0,1,0,25,3
963,0,0,1,0,1,1,0,1,0,1,1,50,1
964,1,0,1,0,0,0,0,0,1,0,1,16,1
965,0,1,0,0,1,0,1,0,0,0,1,28,1
966,1,0,1,1,1,0,0,1,1,0,0,26,8
967,0,0,0,0,1,1,0,0,1,1,1,7,4
968,1,1,0,0,1,0,0,1,1,1,1,31,8
969,1,0,1,0,0,0,0,1,0,0,1,24,1
970,1,1,1,1,0,1,0,1,1,0,0,15,9
971,1,0,0,1,0,0,0,1,0,1,1,48,9
972,0,0,0,0,0,1,1,1,1,0,1,1,7
973,0,0,1,1,1,1,1,0,1,0,0,27,6
974,0,0,1,1,1,0,1,0,1,1,0,34,9
975,0,0,0,1,0,0,1,1,1,0,1,1,8
976,1,1,1,1,0,1,1,0,0,1,0,47,4
977,1,1,0,1,1,1,1,1,0,0,0,32,7
978,1,0,0,0,1,1,1,1,1,1,0,26,5
979,1,0,0,1,1,0,1,0,1,0,1,46,9
980,1,1,1,1,1,0,1,1,0,0,0,25,3
981,1,1,0,0,0,1,0,0,1,0,0,3,1
982,0,1,1,1,1,0,1,1,1,1,0,10,2
983,1,0,0,1,0,0,0,0,1,1,1,15,3
984,0,0,1,1,1,0,0,1,1,1,0,1,1
985,0,1,0,0,1,1,1,1,0,0,0,41,1
986,0,1,0,0,0,1,0,0,1,1,1,10,9
987,0,0,1,1,1,1,1,1,0,0,1,42,4
988,0,1,1,0,0,0,1,0,0,0,0,18,2
989,0,1,0,1,1,0,1,0,1,0,1,45,1
990,1,0,1,0,0,0,1,1,0,1,1,47,6
991,1,0,0,1,0,0,1,0,1,0,1,46,6
992,1,1,1,0,0,0,0,0,0,1,0,14,2
993,0,0,0,0,0,0,0,0,0,1,0,12,1
994,0,0,0,1,1,0,1,0,1,0,1,47,2
995,0,0,0,0,0,1,1,0,0,1,1,23,3
996,1,0,1,1,0,1,1,0,1,1,1,50,6
997,0,0,1,0,0,1,1,0,1,0,0,35,1
998,0,0,1,0,1,1,0,1,0,0,1,21,2
999,0,0,1,1,0,1,1,1,1,1,0,8,6
